-- phpMyAdmin SQL Dump
-- version 4.7.0
-- https://www.phpmyadmin.net/
--
-- Servidor: 127.0.0.1
-- Tiempo de generación: 31-01-2018 a las 14:44:20
-- Versión del servidor: 10.1.25-MariaDB
-- Versión de PHP: 5.6.31

SET SQL_MODE = "NO_AUTO_VALUE_ON_ZERO";
SET AUTOCOMMIT = 0;
START TRANSACTION;
SET time_zone = "+00:00";


/*!40101 SET @OLD_CHARACTER_SET_CLIENT=@@CHARACTER_SET_CLIENT */;
/*!40101 SET @OLD_CHARACTER_SET_RESULTS=@@CHARACTER_SET_RESULTS */;
/*!40101 SET @OLD_COLLATION_CONNECTION=@@COLLATION_CONNECTION */;
/*!40101 SET NAMES utf8mb4 */;

--
-- Base de datos: `registro`
--

-- --------------------------------------------------------

--
-- Estructura de tabla para la tabla `accionar`
--

CREATE TABLE `accionar` (
  `id_accionar` int(11) NOT NULL,
  `accionar` varchar(64) CHARACTER SET utf8 NOT NULL
) ENGINE=InnoDB DEFAULT CHARSET=latin1;

--
-- Volcado de datos para la tabla `accionar`
--

INSERT INTO `accionar` (`id_accionar`, `accionar`) VALUES
(1, 'ACCIONAR DE MEJORA'),
(2, 'ACERCAMIENTO COMUNITARIO'),
(3, 'ACCIONAR EDUCATIVO'),
(4, 'ACCIONAR POLICIAL'),
(5, 'AGRADECIMIENTO ');

-- --------------------------------------------------------

--
-- Estructura de tabla para la tabla `dependencia`
--

CREATE TABLE `dependencia` (
  `id_dependencia` int(11) NOT NULL,
  `dependencia` varchar(128) CHARACTER SET utf8 NOT NULL,
  `id_duur` int(11) NOT NULL
) ENGINE=InnoDB DEFAULT CHARSET=latin1;

--
-- Volcado de datos para la tabla `dependencia`
--

INSERT INTO `dependencia` (`id_dependencia`, `dependencia`, `id_duur`) VALUES
(4, 'DIVISION PROTECCION AL MENOR Y LA FAMILIA-UR1', 1),
(5, 'BASE OPERATIVA Bº ESCALABRINI ORTIZ', 1),
(6, 'SECTOR-1A', 1),
(7, 'SECTOR-1B', 1),
(8, 'SECTOR-2A', 1),
(9, 'SECTOR-3A', 1),
(10, 'SECTOR-3B', 1),
(11, 'SECTOR-4', 1),
(12, 'SECTOR-5A', 1),
(13, 'SECTOR-6A', 1),
(14, 'SECTOR-6B', 1),
(15, 'SECTOR-7A', 1),
(16, 'SECTOR-7B', 1),
(17, 'SECTOR-8A', 1),
(18, 'SECTOR 71', 1),
(19, 'SECTOR 72', 1),
(20, 'SECTOR-81A', 1),
(21, 'SECTOR 81B', 1),
(22, 'SECTOR-82A', 1),
(23, 'SECTOR-82B', 1),
(24, 'SECTOR 83A', 1),
(25, 'SECTOR-84B', 1),
(26, 'COMISARIA N?1-UR1-', 1),
(27, 'COMISARIA N?2-UR1-', 1),
(28, 'COMISARIA N?3-UR1-', 1),
(29, 'COMISARIA N?4-UR1-', 1),
(30, 'COMISARIA N?5-UR1-', 1),
(31, 'COMISARIA N?6-UR1-', 1),
(32, 'COMISARIA N?7-UR1-', 1),
(33, 'COMISARIA N?8-UR1-', 1),
(34, 'COMISARIA N?9-UR1-', 1),
(35, 'COMISARIA N?10-UR1-', 1),
(36, 'COMISARIA N?11-UR1-GRAL. GUEMES', 1),
(37, 'COMISARIA N?12-UR1- SANTA ANA', 1),
(38, 'COMISARIA N?13-UR1- CERRILLOS', 1),
(39, 'COMISARIA N?14-UR1- ROSARIO DE LERMA', 1),
(40, 'COMISARIA N?15-UR1- SAN REMO', 1),
(41, 'COMISARIA N?16-UR1- CAMPO SANTO', 1),
(42, 'COMISARIA N?17-UR1- SOLIDARIDAD', 1),
(43, 'COMISARIA N?18-UR1-CHICOANA', 1),
(44, 'COMISARIA N?19-UR1-CARRIL', 1),
(45, 'COMISARIA N?100-UR1- SAN LORENZO', 1),
(46, 'COMISARIA N?101-UR1-LA BANDA - GRAL. GUEMES', 1),
(47, 'COMISARIA N?102-UR1- LA LONJA', 1),
(48, 'COMISARIA N?103-UR1-', 1),
(49, 'COMISARIA N?104-UR1-PALERMO', 1),
(50, 'COMISARIA N?105-UR1- LA MERCED', 1),
(51, 'COMISARIA N?106-UR1- B? LIMACHE', 1),
(52, 'SUBCOMISARIA SAN LUIS-UR1-', 1),
(53, 'SUBCOMISARIA GUACHIPAS-UR1-', 1),
(54, 'SUBCOMISARIA LA MERCED-UR1-', 1),
(55, 'SUBCOMISARIA LA VI?A-UR1-', 1),
(56, 'SUBCOMISARIA LA CALDERA-UR1-', 1),
(57, 'SUBCOMISARIA CORONEL MOLDES-UR1-', 1),
(58, 'SUBCOMISARIA SANTA VICTORIA OESTE-UR1-', 1),
(59, 'SUBCOMISARIA B? EL AUTODROMO-UR1-', 1),
(60, 'SUBCOMISARIA V? ASUNCION-UR1-', 1),
(61, 'SUBCOMISARIA LAS COSTAS-UR1-', 1),
(62, 'SUBCOMISARIA CAMPO CASTA?ARES-UR1-', 1),
(63, 'SUBCOMISARIA GRAND BOURG-UR1-', 1),
(64, 'SUBCOMISARIA EL BRODO-UR1-', 1),
(65, 'SUBCOMISARIA V? EL SOL-UR1-', 1),
(66, 'SUBCOMISARIA LOS PINARES-UR1-', 1),
(67, 'SUBCOMISARIA VAQUEROS-UR1-', 1),
(68, 'SUBCOMISARIA LOLA MORA-UR1-', 1),
(69, 'SUBCOMISARIA SAN JORGE-UR1-', 1),
(70, 'SUBCOMISARIA B? SAN CARLOS-UR1-', 1),
(71, 'DESTACAMENTO COBOS-UR1-', 1),
(72, 'DESTACAMENTO GUARDIA DE TRIBUNALES-UR1-', 1),
(73, 'DESTACAMENTO SAN AGUSTIN-UR1-', 1),
(74, 'DESTACAMENTO LA SILLETA-UR1-', 1),
(75, 'DESTACAMENTO ATOCHA-UR1-', 1),
(76, 'DESTACAMENTO BETANIA-UR1-', 1),
(77, 'DESTACAMENTO SAN BERNARDO-UR1-', 1),
(78, 'DESTACAMENTO OLACAPATO-UR1-', 1),
(79, 'DESTACAMENTO NAZARENO-UR1-', 1),
(80, 'DESTACAMENTO IRUYA-UR1-', 1),
(81, 'DESTACAMENTO TOLAR GRANDE-UR1-', 1),
(82, 'DESTACAMENTO SAN IGNACIO-UR1-', 1),
(83, 'DESTACAMENTO DELMI-UR1-', 1),
(84, 'DESTACAMENTO LOS COBRES-UR1-', 1),
(85, 'DESTACAMENTO B? DOCENTE-UR1-', 1),
(86, 'DESTACAMENTO V? PALACIOS-UR1-', 1),
(87, 'DESTACAMENTO LOS ALAMOS-UR1-', 1),
(88, 'DESTACAMENTO PARQUE INDUSTRIAL-UR1-', 1),
(89, 'DESTACAMENTO CERRO 20 DE FEBRERO-UR1-', 1),
(90, 'DESTACAMENTO V? LOLA-UR1-', 1),
(91, 'DESTACAMENTO SAN ANTONIO-UR1-', 1),
(92, 'DESTACAMENTO LA ISLA-UR1-', 1),
(93, 'PUESTO UNIVERSITARIO CATOLICA-UR1-', 1),
(94, 'PUESTO POLICIAL B? UNION-UR1-', 1),
(95, 'PUESTO PUENTE BLANCO-UR1-', 1),
(96, 'PUESTO BALNEARIO CARLOS XAMENA-UR1-', 1),
(97, 'PUESTO POLICIAL CO.FRUT.TOS-UR1-', 1),
(98, 'PUESTO POLICIAL EL GALLINATO-UR1-', 1),
(99, 'PUESTO POLICIAL BICENTENARIO-UR1-', 1),
(100, 'DIVISION PERSONAL-UR2-', 1),
(101, 'DIVISION OPERACIONES-UR2-', 1),
(102, 'DIVISION LOGISTICA-UR2-', 1),
(103, 'DIVISION JUDICIAL-UR2-', 1),
(104, 'DIVISION BINESTAR POLICIAL-UR2-', 1),
(105, 'UNIDAD PROTECCION AL MENOR-UR2-', 1),
(106, 'SECCION PREVENCION COMUNITARIA-UR2-', 1),
(107, 'DIVISION SANIDAD-UR2-', 1),
(108, 'DIVISION FLUVIAL RIO BERMEJO-DB-UR2-', 1),
(109, 'DIVISION CUERPO POLICIA FEMENINO-UR2-', 1),
(110, 'COMISARIA N? 20 ORAN-UR2-', 1),
(111, 'COMISARIA N? 21 PICHANAL-UR2-', 1),
(112, 'COMISARIA N? 22 YRIGOYEN-UR2-', 1),
(113, 'COMISARIA N? 23 COLONIA SANTA ROSA-UR2-', 1),
(114, 'COMISARIA N? 24 B? DOCENTE-UR2-', 1),
(115, 'COMISARIA N? 25 B? AEROPARQUE-UR2-', 1),
(116, 'SUBCOMISARIA AGUAS BLANCAS-UR2-', 1),
(117, 'SUBCOMISARIA 9 DE JULIO-UR2-', 1),
(118, 'SUBCOMISARIA LAS PALEMRAS-UR2-', 1),
(119, 'DESTACAMENTO URUNDEL-UR2-', 1),
(120, 'DESTACAMENTO LOS TOLDOS-UR2-', 1),
(121, 'DESTACAMENTO LA UNION-UR2-', 1),
(122, 'DESTACAMENTO RIVADAVIA BANDA SUR-UR2-', 1),
(123, 'DESTACAMENTO ISLA DE CA?AS-UR2-', 1),
(124, 'DESTACAMENTO EL TABACAL-UR2-', 1),
(125, 'DESTACAMENTO ABRAHAM BALUT-UR2-', 1),
(126, 'DESTACAMENTO LOS NARANJOS-UR2-', 1),
(127, 'PUESTO B? ESTACION-UR2-', 1),
(128, 'PUESTO SAN VICENTE DE PAUL-UR2-', 1),
(129, 'PUESTO B? SAN CAYETANO-UR2-', 1),
(130, 'PUESTO B? SANTA ROSA-UR2-', 1),
(131, 'DIVISION PERSONAL-UR3-', 1),
(132, 'DIVISION OPERACIONES-UR3-', 1),
(133, 'DIVISION LOGISTICA-UR3-', 1),
(134, 'DIVISION JUDICIAL-UR3-', 1),
(135, 'SECCION FINANZAS-UR3-', 1),
(136, 'SECCION PREVENCION COMUNITARIA-UR3-', 1),
(137, 'DIVISION SANIDAD-UR3-', 1),
(138, 'DIVISION CUERPO POLICIA FEMENINO-UR3-', 1),
(139, 'COMISARIA N? 30 METAN-UR3-', 1),
(140, 'COMISARIA N? 31 ROSARIO DE LA FRONTERA-UR3-', 1),
(141, 'SUBCOMISARIA EL GALPON-UR3-', 1),
(142, 'SUBCOMISARIA EL TALA-UR3-', 1),
(143, 'SUBCOMISARIA EL MIRADOR-UR3-', 1),
(144, 'DESTACAMENTO LUMBRERAS-UR3-', 1),
(145, 'DESTACAMENTO RIO PIEDRAS-UR3-', 1),
(146, 'DESTACAMENTO LA CANDELARIA-UR3-', 1),
(147, 'DESTACAMENTO EL JARDIN-UR3-', 1),
(148, 'DESTACAMENTO EL POTRERO-UR3-', 1),
(149, 'DESTACAMENTO ANTILLAS-UR3-', 1),
(150, 'DESTACAMENTO SAN FELIPE-UR3-', 1),
(151, 'DESTACAMENTO EL NARANJO-UR3-', 1),
(152, 'DIVISION PERSONAL-UR4-', 1),
(153, 'DIVISION OPERACIONES-UR4-', 1),
(154, 'DIVISION LOGISTICA-UR4-', 1),
(155, 'DIVISION JUDICIAL-UR4-', 1),
(156, 'SECCION FINANZAS-UR4-', 1),
(157, 'SECCION PREVENCION COMUNITARIA-UR4-', 1),
(158, 'DIVISION SANIDAD-UR4-', 1),
(159, 'DIVISION CUERPO POLICIA FEMENINO-UR4-', 1),
(160, 'OFICINA PRENSA Y DIFUSION-UR4-', 1),
(161, 'COMISARIA N? 40 SALVADOR MAZZA-UR4-', 1),
(162, 'COMISARIA N? 41 MOSCONI-UR4-', 1),
(163, 'COMISARIA N? 42 TARTAGAL-UR4-', 1),
(164, 'COMISARIA N? 43 EMBARCACION-UR4-', 1),
(165, 'COMISARIA N? 44 CNEL. JUAN SOLA-UR4-', 1),
(166, 'COMISARIA N?45-UR4-', 1),
(167, 'SUBCOMISARIA AGUARAY-UR4-', 1),
(168, 'SUBCOMISARIA VESPUCIO-UR4-', 1),
(169, 'SUBCOMISARIA SANTA VICTORIA ESTE-UR4-', 1),
(170, 'DESTACAMENTO V? GUEMES-UR4-', 1),
(171, 'DESTACAMENTO ACAMBUCO-UR4-', 1),
(172, 'DESTACAMENTO HICKMAN-UR4-', 1),
(173, 'DESTACAMENTO DRAGONES-UR4-', 1),
(174, 'DESTACAMENTO LOS BLANCOS-UR4-', 1),
(175, 'DESTACAMENTO ALTO LA SIERRA-UR4-', 1),
(176, 'DESTACAMENTO CORONEL CORNEJO-UR4-', 1),
(177, 'DESTACAMENTO BALLIVIAN-UR4-', 1),
(178, 'DESTACAMENTO ALTO VERDE-UR4-', 1),
(179, 'DESTACAMENTO PADRE LOZANO-UR4-', 1),
(180, 'DESTACAMENTO AEROPUERTO-UR4-', 1),
(181, 'PUESTO POLICIAL PLUMA DE PATO-UR4-', 1),
(182, 'DIVISION PERSONAL-UR5-', 1),
(183, 'DIVISION OPERACIONES-UR5-', 1),
(184, 'DIVISION LOGISTICA-UR5-', 1),
(185, 'DIVISION JUDICIAL-UR5-', 1),
(186, 'SECCION FINANZAS-UR5-', 1),
(187, 'DIVISION SANIDAD-UR5', 1),
(188, 'POLICIA INFANTIL ECOLOGICA JV GONZALEZ-UR5-', 1),
(189, 'COMISARIA N? 50 J.V. GONZALEZ-UR5-', 1),
(190, 'COMISARIA N? 51 LAS LAJITAS-UR5-', 1),
(191, 'SUBCOMISARIA EL DORADO-UR5-', 1),
(192, 'SUBCOMISARIA EL QUEBRACHAL-UR5-', 1),
(193, 'DESTACAMENTO GAONA-UR5-', 1),
(194, 'DESTACAMENTO RIO DEL VALLE-UR5-', 1),
(195, 'DESTACAMENTO NUESTRA SE?ORA DE TALAVERA-UR5-', 1),
(196, 'DESTACAMENTO 25 DE JUNIO-UR5-', 1),
(197, 'DESTACAMENTO SAN JOSE DE ORQUERA-UR5-', 1),
(198, 'DESTACAMENTO LOS ROSALES-UR5-', 1),
(199, 'DESTACAMENTO CORONEL MOLLINERO-UR5-', 1),
(200, 'DESTACAMENTO TOLLOCHE-UR5-', 1),
(201, 'DESTACAMENTO PIQUETE CABAO-UR5-', 1),
(202, 'DESTACAMENTO GENERAL PIZARRO-UR5-', 1),
(203, 'AYUDANTIA UNIDAD REGIONAL N? 6-UR6-', 1),
(204, 'DIVISION PERSONAL-UR6-', 1),
(205, 'DIVISION OPERACIONES-UR6-', 1),
(206, 'DIVISION SEGURIDAD Y ORIENTACION AL TURISTA-UR6-', 1),
(207, 'DIVISION JUDICIAL-UR6-', 1),
(208, 'SECCION FINANZAS-UR6-', 1),
(209, 'DIVISION COMUNITARIA-UR6-', 1),
(210, 'COMISARIA N? 60 CAFAYATE-UR6-', 1),
(211, 'COMISARIA N? 61 CACHI-UR6-', 1),
(212, 'SUBCOMISARIA SAN CARLOS-UR6-', 1),
(213, 'SUBCOMISARIA MOLINOS-UR6-', 1),
(214, 'DESTACAMENTO ANIMANA-UR6-', 1),
(215, 'DESTACAMENTO ANGASTACO-UR6-', 1),
(216, 'DESTACAMENTO LA POMA-UR6-', 1),
(217, 'DESTACAMENTO PAYOGASTA-UR6-', 1),
(218, 'DESTACAMENTO SECLANTAS-UR6-', 1),
(219, 'DESTACAMENTO PALERMO OESTE-UR6-', 1),
(220, 'DESTACAMENTO LURACATAO-UR6-', 1),
(221, 'SUB JEFATURA', 1),
(222, 'DIRECCION CENTRO DE COORDINACION OPERATIVA-', 1),
(223, 'DESTACAMENTO ANIMANA-UR6-', 1),
(224, 'DESTACAMENTO ANGASTACO-UR6-', 1),
(225, 'DESTACAMENTO LA POMA-UR6-', 1),
(226, 'DESTACAMENTO PAYOGASTA-UR6-', 1),
(227, 'DESTACAMENTO SECLANTAS-UR6-', 1),
(228, 'DESTACAMENTO PALERMO OESTE-UR6-', 1),
(229, 'DESTACAMENTO LURACATAO-UR6-', 1);

-- --------------------------------------------------------

--
-- Estructura de tabla para la tabla `duur`
--

CREATE TABLE `duur` (
  `id_duur` int(11) NOT NULL,
  `duur` varchar(64) NOT NULL
) ENGINE=InnoDB DEFAULT CHARSET=utf8;

--
-- Volcado de datos para la tabla `duur`
--

INSERT INTO `duur` (`id_duur`, `duur`) VALUES
(1, 'DUUR-1'),
(2, 'DUUR-2'),
(3, 'DUUR-3'),
(4, 'DUUR-4'),
(5, 'DUUR-5'),
(6, 'DUUR-6'),
(7, 'SUB-JEFATURA'),
(8, 'SECRETARIA'),
(9, 'INSTITUCIONALES '),
(10, 'SEGURIDAD'),
(11, 'INVESTIGACIONES'),
(12, 'DROGAS'),
(13, 'EDUCACION'),
(14, 'ESTRATEGIA'),
(15, 'RRHH'),
(16, 'ADMINISTRACION'),
(17, 'TECNOLOGIA'),
(18, 'JURIDICO');

-- --------------------------------------------------------

--
-- Estructura de tabla para la tabla `indicadores`
--

CREATE TABLE `indicadores` (
  `id_indicador` int(11) NOT NULL,
  `NUMERO` int(11) NOT NULL,
  `SICE` varchar(255) NOT NULL,
  `DGCC` int(11) NOT NULL,
  `id_duur` int(11) NOT NULL,
  `ZONA` varchar(64) NOT NULL,
  `id_sector` int(11) NOT NULL,
  `id_dependencia` int(11) NOT NULL,
  `id_mejora` int(11) NOT NULL,
  `FECHA` date NOT NULL,
  `DETALLE` varchar(255) NOT NULL,
  `CANT_BENEF` int(11) NOT NULL,
  `DEPEND_INTERV` varchar(64) NOT NULL,
  `FECHA_CARGA` timestamp NOT NULL DEFAULT CURRENT_TIMESTAMP,
  `PERSONAL` varchar(64) NOT NULL
) ENGINE=InnoDB DEFAULT CHARSET=utf8;

--
-- Volcado de datos para la tabla `indicadores`
--

INSERT INTO `indicadores` (`id_indicador`, `NUMERO`, `SICE`, `DGCC`, `id_duur`, `ZONA`, `id_sector`, `id_dependencia`, `id_mejora`, `FECHA`, `DETALLE`, `CANT_BENEF`, `DEPEND_INTERV`, `FECHA_CARGA`, `PERSONAL`) VALUES
(1, 2222, 'sice-', 232, 1, 'dddddddddddddd', 1, 0, 13, '2018-01-07', 'detaleee', 43, 'DEPEND_INTERV', '2018-01-31 13:16:18', 'ttttt'),
(2, 453, 'dfg344', 345, 3, 'eeeeeeee', 4, 15, 14, '2018-01-02', 'eeeeeeeeeeeeeee', 55, 'DEPEND_INTERV', '2018-01-31 13:23:42', 'wrerere'),
(3, 453, 'dfg344', 345, 3, 'eeeeeeee', 4, 15, 14, '2018-01-02', 'eeeeeeeeeeeeeee', 55, 'DEPEND_INTERV', '2018-01-31 13:23:50', 'wrerere');

-- --------------------------------------------------------

--
-- Estructura de tabla para la tabla `mejoras`
--

CREATE TABLE `mejoras` (
  `id_mejora` int(11) NOT NULL,
  `mejora` varchar(64) NOT NULL,
  `id_accionar` int(11) NOT NULL
) ENGINE=InnoDB DEFAULT CHARSET=utf8;

--
-- Volcado de datos para la tabla `mejoras`
--

INSERT INTO `mejoras` (`id_mejora`, `mejora`, `id_accionar`) VALUES
(1, 'ALBANILERIA', 1),
(2, 'PINTURERIA', 1),
(3, 'PLOMERIA', 1),
(4, 'JARDINERIA', 1),
(5, 'ELECTRICIDAD', 1),
(6, 'CAPACITACION POLICIAL', 1),
(7, 'FISCALIZACION Y CONTROL', 1),
(8, 'ADQUISICION DE ELEMENTOS', 1),
(9, 'PROVISION DE ELEMENTOS', 1),
(10, 'FUMIGACION//LIMPIEZA//HIGIENE', 1),
(11, 'DONACIONES', 2),
(12, 'TALLERES, CHARLAS Y JORNADAS', 2),
(13, 'EXHIBICIONES', 2),
(14, 'POLICIA INTINERANTE', 2),
(15, 'VISITAS VECINALES', 2),
(16, 'CALENDARIO CIP', 2),
(17, 'REUNIONES VECINALES', 2),
(18, 'VISITAS A LA INSTITUCION POLICIAL', 2),
(19, 'STAND PREVENTIVO', 2),
(20, 'DIFUSION DE LOS SERVICIOS', 2),
(21, 'ATENCION AL CIUDADANO ', 2),
(22, 'PARTICIPACION EN DESFILE', 2),
(23, 'ACTIVIDADES INTEGRATIVAS CON PUEBLOS ORIGINARIOS', 2),
(24, 'VIOLENCIA EN LA ESCUELA-BULLING', 3),
(25, 'VIOLENCIA FAMILIAR', 3),
(26, 'VIOLENCIA DE GENERO', 3),
(27, 'ROL PATERNO', 3),
(28, 'AUTOESTIMA', 3),
(29, 'EDUCACION VIAL', 3),
(30, 'ALIMENTACION SALUDABLE', 3),
(31, 'GROOMING-CIBER DELITO', 3),
(32, 'EDUCACION CICLOVIAL', 3),
(33, 'TRATA DE PERSONAS', 3),
(34, 'PREVENCION DE ADICCIONES', 3),
(35, 'MEDIO AMBIENTE', 3),
(36, 'OPERATIVOS DE PREVENCION', 4),
(37, 'DISPOSITIVO DE SEGURIDAD', 4),
(38, 'DEMORADOS EN CAUSA', 4),
(39, 'POLICIAS PARTEROS', 4),
(40, 'ELEMENTOS RECUPERADOS', 4),
(41, 'EFICACIA', 5),
(42, 'EFICIENCIA', 5),
(43, 'RAPIDEZ', 5),
(44, 'PROFESIONALISMO', 5),
(45, 'BUENA ATENCION', 5),
(46, 'COLABORACION Y APOYO A LA COMUNIDAD', 5),
(47, 'PATRULLAJE', 5),
(48, 'RESTITUCION DE ELEMENTOS SUSTRAIDOS', 5);

-- --------------------------------------------------------

--
-- Estructura de tabla para la tabla `personal`
--

CREATE TABLE `personal` (
  `Id` int(11) NOT NULL,
  `Usuario` varchar(60) NOT NULL,
  `Password` varchar(255) NOT NULL,
  `Email` varchar(60) NOT NULL,
  `Revista` text NOT NULL,
  `rol` int(11) NOT NULL
) ENGINE=InnoDB DEFAULT CHARSET=utf8;

--
-- Volcado de datos para la tabla `personal`
--

INSERT INTO `personal` (`Id`, `Usuario`, `Password`, `Email`, `Revista`, `rol`) VALUES
(1, 'majo', '$2y$10$Os4666bdEdawZ.fMvjoi3OR1jwQU15g54eBHAG/3rgXOs1ZkFrK3O', 'castiellamaria@gmail.com', 'Sector N°1A', 1);

-- --------------------------------------------------------

--
-- Estructura de tabla para la tabla `sector`
--

CREATE TABLE `sector` (
  `id_sector` int(11) NOT NULL,
  `sector` varchar(64) NOT NULL
) ENGINE=InnoDB DEFAULT CHARSET=latin1;

--
-- Volcado de datos para la tabla `sector`
--

INSERT INTO `sector` (`id_sector`, `sector`) VALUES
(1, 'SECTOR-1A'),
(2, 'SECTOR-1B'),
(3, 'SECTOR-2'),
(4, 'SECTOR-3A'),
(5, 'SECTOR-3B'),
(6, 'SECTOR-4'),
(7, 'SECTOR-5'),
(8, 'SECTOR-6'),
(9, 'SECTOR-7A'),
(10, 'SECTOR-7B'),
(11, 'SECTOR-8\r\n'),
(12, 'SECTOR-71'),
(13, 'SECTOR-72'),
(14, 'SECTOR-81A'),
(15, 'SECTOR-81B'),
(16, 'SECTOR-82A'),
(17, 'SECTOR-82B'),
(18, 'SECTOR-83A\r\n'),
(19, 'SECTOR-84B');

--
-- Índices para tablas volcadas
--

--
-- Indices de la tabla `accionar`
--
ALTER TABLE `accionar`
  ADD PRIMARY KEY (`id_accionar`);

--
-- Indices de la tabla `dependencia`
--
ALTER TABLE `dependencia`
  ADD PRIMARY KEY (`id_dependencia`),
  ADD KEY `id_duur` (`id_duur`);

--
-- Indices de la tabla `duur`
--
ALTER TABLE `duur`
  ADD PRIMARY KEY (`id_duur`);

--
-- Indices de la tabla `indicadores`
--
ALTER TABLE `indicadores`
  ADD PRIMARY KEY (`id_indicador`),
  ADD KEY `id_duur` (`id_duur`),
  ADD KEY `id_sector` (`id_sector`),
  ADD KEY `id_mejora` (`id_mejora`);

--
-- Indices de la tabla `mejoras`
--
ALTER TABLE `mejoras`
  ADD PRIMARY KEY (`id_mejora`),
  ADD KEY `id_accionar` (`id_accionar`);

--
-- Indices de la tabla `personal`
--
ALTER TABLE `personal`
  ADD PRIMARY KEY (`Id`);

--
-- Indices de la tabla `sector`
--
ALTER TABLE `sector`
  ADD PRIMARY KEY (`id_sector`);

--
-- AUTO_INCREMENT de las tablas volcadas
--

--
-- AUTO_INCREMENT de la tabla `accionar`
--
ALTER TABLE `accionar`
  MODIFY `id_accionar` int(11) NOT NULL AUTO_INCREMENT, AUTO_INCREMENT=6;
--
-- AUTO_INCREMENT de la tabla `dependencia`
--
ALTER TABLE `dependencia`
  MODIFY `id_dependencia` int(11) NOT NULL AUTO_INCREMENT, AUTO_INCREMENT=230;
--
-- AUTO_INCREMENT de la tabla `duur`
--
ALTER TABLE `duur`
  MODIFY `id_duur` int(11) NOT NULL AUTO_INCREMENT, AUTO_INCREMENT=19;
--
-- AUTO_INCREMENT de la tabla `indicadores`
--
ALTER TABLE `indicadores`
  MODIFY `id_indicador` int(11) NOT NULL AUTO_INCREMENT, AUTO_INCREMENT=4;
--
-- AUTO_INCREMENT de la tabla `mejoras`
--
ALTER TABLE `mejoras`
  MODIFY `id_mejora` int(11) NOT NULL AUTO_INCREMENT, AUTO_INCREMENT=49;
--
-- AUTO_INCREMENT de la tabla `personal`
--
ALTER TABLE `personal`
  MODIFY `Id` int(11) NOT NULL AUTO_INCREMENT, AUTO_INCREMENT=2;
--
-- AUTO_INCREMENT de la tabla `sector`
--
ALTER TABLE `sector`
  MODIFY `id_sector` int(11) NOT NULL AUTO_INCREMENT, AUTO_INCREMENT=20;COMMIT;

/*!40101 SET CHARACTER_SET_CLIENT=@OLD_CHARACTER_SET_CLIENT */;
/*!40101 SET CHARACTER_SET_RESULTS=@OLD_CHARACTER_SET_RESULTS */;
/*!40101 SET COLLATION_CONNECTION=@OLD_COLLATION_CONNECTION */;
